
--出于各种原因，隐去了真实的信息

insert into institute(iID,iName,intro) values
('10001','物联网工程学院','这是物联网工程学院的简介'),
('10002','食品学院','这是食品学院的简介'),
('10003','理学院','这是理学院的简介')
go

--默认密码为学号（的MD5值）
insert into student(sID,sName,password,age,session) values
('1000000001','学生1','40433343A063D26054A3169B42B5957F',20,2015),
('1000000002','学生2','7450FDF04F365909DB63D481F90FE79A',21,2015),
('1000000003','学生3','31DC7D8A606D133ED9A68720F949506F',20,2015),
('1000000004','学生4','9211E6E1B1841180A878F7A5F87DD103',20,2015),
('1000000005','学生5','EAE608E643CCC9EF17347D8C0DB548F3',20,2015),
('1000000006','学生6','9B3E24BB90C3B76A01BFCE20DFCAD148',20,2015)
go

--默认密码为教师编号（的MD5值）
insert into teacher(tID,iID,tName,password,profile,isMale) values
('3000000001','10001','教师1','04B9A1502A780F8ECE9CF6B64D4D2C0C','这是教师1的简介',0),
('3000000002','10001','教师2','9D37A8012AC5A75CAC7F0F5572E09A7A','这是教师2的简介',0),
('3000000003','10001','教师3','39C3C1F28FFB9F76BD777F5C1E95596A','这是教师3的简介',1),
('3000000004','10001','教师4','9923F712425945B1B1987C148885D662','这是教师4的简介',1),
('3000000005','10001','教师5','F780EC1319110F474BC2479EAF8653B7','这是教师5的简介',1)
go

--默认密码为督导编号（的MD5值）
insert into manager(mID,password) values('10001','D89F3A35931C386956C1A402A8E09941')
go

insert into course values
('2000000001','数据库系统原理','这是数据库系统原理的简介'),
('2000000002','JAVA程序设计','这是JAVA程序设计的简介'),
('2000000003','算法设计与分析','这是算法设计与分析的简介'),
('2000000004','数字电子技术','这是数字电子技术的简介'),
('2000000005','计算方法','这是计算方法的简介'),
('2000000010','C语言','这是C语言的简介')
go

insert into teachingCourse(tID,cID,term) values
('3000000004','2000000004','2016-2'),
('3000000005','2000000001','2016-2'),
('3000000001','2000000010','2015-1'),
('3000000001','2000000001','2016-2'),
('3000000002','2000000002','2016-2'),
('3000000003','2000000003','2016-2')
go

insert into selectCourse(sID,tcID)
select sID,tcID from student,teachingCourse
where tID!='3000000005'
go